{
  "timestamp": "2025-07-22T15:58:59.594210",
  "summary": {
    "total_items": 1000,
    "total_value": 114983677.16,
    "total_quantity": 338421,
    "average_value_per_item": 114983.67715999999
  },
  "tier_distribution": {
    "best_sellers": 847,
    "doing_good": 119,
    "making_progress": 34
  },
  "tier_values": {
    "best_sellers": 109709848.63000004,
    "doing_good": 4557720.5200000005,
    "making_progress": 716108.01
  },
  "alerts": {
    "reorder": 867
  },
  "top_performers": [
    {
      "Item Product Group Code": "35-22-85",
      "Style": "AERYN",
      "Item No_": "848141",
      "Season Code": "SP24",
      "Item Description": "AERYN - WOMEN'S LEATHER JACKETS IN CAMEL",
      "Variant Color": "CAMEL",
      "Variant Code": "730.XS",
      "Item Barcode": "1276911587033",
      "Selling Price": 733.59,
      "Location Code": 83,
      "100.0": 83.0,
      "103.0": 59.0,
      "105.0": 48.0,
      "106.0": 11.0,
      "108.0": 48.0,
      "109.0": 44.0,
      "113.0": 20.0,
      "114.0": 24.0,
      "116.0": 13.0,
      "117.0": 25.0,
      "201.0": 12.0,
      "251.0": 5.0,
      "301.0": 19.0,
      "302.0": 7.0,
      "401.0": 23.0,
      "501.0": 25.0,
      "551.0": 8.0,
      "TRUCK": 2,
      "Grand Total": 474,
      "total_quantity": 474,
      "total_value": 347721.66000000003,
      "tier": "best_sellers",
      "reorder_quantity": 660,
      "tier_description": "Top 10% performers - High demand items"
    },
    {
      "Item Product Group Code": "24-55-45",
      "Style": "ALEKSIA",
      "Item No_": "286649",
      "Season Code": "FA25",
      "Item Description": "ALEKSIA - WOMEN'S LEATHER JACKETS IN TEAL",
      "Variant Color": "TEAL",
      "Variant Code": "918.NS",
      "Item Barcode": "9551817456328",
      "Selling Price": 689.77,
      "Location Code": 89,
      "100.0": 89.0,
      "103.0": 60.0,
      "105.0": 47.0,
      "106.0": 43.0,
      "108.0": 42.0,
      "109.0": 33.0,
      "113.0": 12.0,
      "114.0": 15.0,
      "116.0": 14.0,
      "117.0": 23.0,
      "201.0": 6.0,
      "251.0": 14.0,
      "301.0": 21.0,
      "302.0": 17.0,
      "401.0": 22.0,
      "501.0": 22.0,
      "551.0": 22.0,
      "TRUCK": 3,
      "Grand Total": 502,
      "total_quantity": 502,
      "total_value": 346264.54,
      "tier": "best_sellers",
      "reorder_quantity": 660,
      "tier_description": "Top 10% performers - High demand items"
    },
    {
      "Item Product Group Code": "49-81-17",
      "Style": "MONACO",
      "Item No_": "564463",
      "Season Code": "FA25",
      "Item Description": "MONACO - WOMEN'S LEATHER JACKETS IN BORDEAUX",
      "Variant Color": "BORDEAUX",
      "Variant Code": "990.XS",
      "Item Barcode": "5296629054354",
      "Selling Price": 722.79,
      "Location Code": 59,
      "100.0": 59.0,
      "103.0": 98.0,
      "105.0": 40.0,
      "106.0": 49.0,
      "108.0": 48.0,
      "109.0": 17.0,
      "113.0": 22.0,
      "114.0": 17.0,
      "116.0": 7.0,
      "117.0": 4.0,
      "201.0": 19.0,
      "251.0": 14.0,
      "301.0": 17.0,
      "302.0": 22.0,
      "401.0": 23.0,
      "501.0": 2.0,
      "551.0": 2.0,
      "TRUCK": 2,
      "Grand Total": 460,
      "total_quantity": 460,
      "total_value": 332483.39999999997,
      "tier": "best_sellers",
      "reorder_quantity": 660,
      "tier_description": "Top 10% performers - High demand items"
    },
    {
      "Item Product Group Code": "75-57-88",
      "Style": "ALYSON",
      "Item No_": "601816",
      "Season Code": "ALL SEASON",
      "Item Description": "ALYSON - WOMEN'S LEATHER JACKETS IN SAND",
      "Variant Color": "SAND",
      "Variant Code": "730.XS",
      "Item Barcode": "3894246912455",
      "Selling Price": 720.88,
      "Location Code": 90,
      "100.0": 90.0,
      "103.0": 70.0,
      "105.0": 47.0,
      "106.0": 35.0,
      "108.0": 24.0,
      "109.0": 30.0,
      "113.0": 20.0,
      "114.0": 0.0,
      "116.0": 25.0,
      "117.0": 17.0,
      "201.0": 23.0,
      "251.0": 7.0,
      "301.0": 15.0,
      "302.0": 0.0,
      "401.0": 9.0,
      "501.0": 12.0,
      "551.0": 17.0,
      "TRUCK": 2,
      "Grand Total": 441,
      "total_quantity": 441,
      "total_value": 317908.08,
      "tier": "best_sellers",
      "reorder_quantity": 660,
      "tier_description": "Top 10% performers - High demand items"
    },
    {
      "Item Product Group Code": "30-51-34",
      "Style": "MONACO",
      "Item No_": "204812",
      "Season Code": "FA25",
      "Item Description": "MONACO - WOMEN'S LEATHER JACKETS IN LIGHT GREY",
      "Variant Color": "LIGHT GREY",
      "Variant Code": "990.S",
      "Item Barcode": "1026535529249",
      "Selling Price": 745.43,
      "Location Code": 100,
      "100.0": 100.0,
      "103.0": 62.0,
      "105.0": 46.0,
      "106.0": 17.0,
      "108.0": 49.0,
      "109.0": 27.0,
      "113.0": 14.0,
      "114.0": 1.0,
      "116.0": 11.0,
      "117.0": 5.0,
      "201.0": 12.0,
      "251.0": 4.0,
      "301.0": 17.0,
      "302.0": 15.0,
      "401.0": 24.0,
      "501.0": 19.0,
      "551.0": 1.0,
      "TRUCK": 1,
      "Grand Total": 424,
      "total_quantity": 424,
      "total_value": 316062.32,
      "tier": "best_sellers",
      "reorder_quantity": 660,
      "tier_description": "Top 10% performers - High demand items"
    },
    {
      "Item Product Group Code": "53-16-30",
      "Style": "ALEKSIA",
      "Item No_": "765786",
      "Season Code": "SP24",
      "Item Description": "ALEKSIA - WOMEN'S LEATHER JACKETS IN RADIANT RED",
      "Variant Color": "RADIANT RED",
      "Variant Code": "990.S",
      "Item Barcode": "6142281397087",
      "Selling Price": 797.71,
      "Location Code": 88,
      "100.0": 88.0,
      "103.0": 78.0,
      "105.0": 39.0,
      "106.0": 15.0,
      "108.0": 0.0,
      "109.0": 33.0,
      "113.0": 16.0,
      "114.0": 17.0,
      "116.0": 8.0,
      "117.0": 0.0,
      "201.0": 18.0,
      "251.0": 8.0,
      "301.0": 22.0,
      "302.0": 9.0,
      "401.0": 1.0,
      "501.0": 18.0,
      "551.0": 25.0,
      "TRUCK": 5,
      "Grand Total": 395,
      "total_quantity": 395,
      "total_value": 315095.45,
      "tier": "best_sellers",
      "reorder_quantity": 660,
      "tier_description": "Top 10% performers - High demand items"
    },
    {
      "Item Product Group Code": "42-76-42",
      "Style": "AERYN",
      "Item No_": "440161",
      "Season Code": "KI00",
      "Item Description": "AERYN - WOMEN'S LEATHER JACKETS IN ELEMENTAL BLUE",
      "Variant Color": "ELEMENTAL BLUE",
      "Variant Code": "730.L",
      "Item Barcode": "5836647861780",
      "Selling Price": 789.12,
      "Location Code": 98,
      "100.0": 98.0,
      "103.0": 50.0,
      "105.0": 35.0,
      "106.0": 16.0,
      "108.0": 38.0,
      "109.0": 26.0,
      "113.0": 3.0,
      "114.0": 2.0,
      "116.0": 23.0,
      "117.0": 15.0,
      "201.0": 11.0,
      "251.0": 13.0,
      "301.0": 7.0,
      "302.0": 5.0,
      "401.0": 9.0,
      "501.0": 25.0,
      "551.0": 17.0,
      "TRUCK": 5,
      "Grand Total": 393,
      "total_quantity": 393,
      "total_value": 310124.16,
      "tier": "best_sellers",
      "reorder_quantity": 660,
      "tier_description": "Top 10% performers - High demand items"
    },
    {
      "Item Product Group Code": "23-60-33",
      "Style": "ALYSON",
      "Item No_": "558598",
      "Season Code": "SP24",
      "Item Description": "ALYSON - WOMEN'S LEATHER JACKETS IN MINK",
      "Variant Color": "MINK",
      "Variant Code": "990.L",
      "Item Barcode": "5523654916044",
      "Selling Price": 778.25,
      "Location Code": 89,
      "100.0": 89.0,
      "103.0": 49.0,
      "105.0": 22.0,
      "106.0": 11.0,
      "108.0": 0.0,
      "109.0": 42.0,
      "113.0": 0.0,
      "114.0": 23.0,
      "116.0": 6.0,
      "117.0": 20.0,
      "201.0": 14.0,
      "251.0": 18.0,
      "301.0": 21.0,
      "302.0": 10.0,
      "401.0": 18.0,
      "501.0": 24.0,
      "551.0": 25.0,