{
  "best_sellers": {
    "count": 408,
    "total_quantity": 14877.0,
    "total_value": 3960698.45,
    "average_quantity": 36.463235294117645,
    "average_value": 9707.594240196078,
    "low_stock_count": 327
  },
  "doing_good": {
    "count": 817,
    "total_quantity": 21746.0,
    "total_value": 3100763.22,
    "average_quantity": 26.61689106487148,
    "average_value": 3795.3038188494493,
    "low_stock_count": 673
  },
  "making_progress": {
    "count": 1226,
    "total_quantity": 12262.0,
    "total_value": 1506074.06,
    "average_quantity": 10.00163132137031,
    "average_value": 1228.4453996737357,
    "low_stock_count": 1220
  },
  "okay": {
    "count": 1636,
    "total_quantity": 3433.0,
    "total_value": 374640.2,
    "average_quantity": 2.09841075794621,
    "average_value": 228.9976772616137,
    "low_stock_count": 1636
  }
}