{
  "timestamp": "2025-07-22T15:12:27.078673",
  "summary": {
    "total_items": 1000,
    "total_value": 116723068.85,
    "total_quantity": 338287,
    "average_value_per_item": 116723.06885
  },
  "tier_distribution": {
    "best_sellers": 855,
    "doing_good": 125,
    "making_progress": 20
  },
  "tier_values": {
    "best_sellers": 111488793.35000004,
    "doing_good": 4808861.7299999995,
    "making_progress": 425413.76999999996
  },
  "alerts": {
    "reorder": 882
  },
  "top_performers": [
    {
      "Item Product Group Code": "56-73-15",
      "Style": "MONACO",
      "Item No_": "485006",
      "Season Code": "SP25",
      "Item Description": "MONACO - WOMEN'S LEATHER JACKETS IN DARK TAUPE",
      "Variant Color": "DARK TAUPE",
      "Variant Code": "549.L",
      "Item Barcode": "5211734292238",
      "Selling Price": 768.25,
      "Location Code": 55,
      "100.0": 55.0,
      "103.0": 88.0,
      "105.0": 39.0,
      "106.0": 50.0,
      "108.0": 31.0,
      "109.0": 22.0,
      "113.0": 21.0,
      "114.0": 20.0,
      "116.0": 2.0,
      "117.0": 10.0,
      "201.0": 17.0,
      "251.0": 6.0,
      "301.0": 12.0,
      "302.0": 21.0,
      "401.0": 21.0,
      "501.0": 2.0,
      "551.0": 24.0,
      "TRUCK": 3,
      "Grand Total": 441,
      "total_quantity": 441,
      "total_value": 338798.25,
      "tier": "best_sellers",
      "reorder_quantity": 660,
      "tier_description": "Top 10% performers - High demand items"
    },
    {
      "Item Product Group Code": "68-41-99",
      "Style": "AERYN",
      "Item No_": "868846",
      "Season Code": "FA24",
      "Item Description": "AERYN - WOMEN'S LEATHER JACKETS IN EGGPLANT",
      "Variant Color": "EGGPLANT",
      "Variant Code": "730.S",
      "Item Barcode": "3558787196249",
      "Selling Price": 792.91,
      "Location Code": 61,
      "100.0": 61.0,
      "103.0": 46.0,
      "105.0": 42.0,
      "106.0": 40.0,
      "108.0": 8.0,
      "109.0": 39.0,
      "113.0": 8.0,
      "114.0": 12.0,
      "116.0": 21.0,
      "117.0": 7.0,
      "201.0": 22.0,
      "251.0": 21.0,
      "301.0": 6.0,
      "302.0": 5.0,
      "401.0": 10.0,
      "501.0": 25.0,
      "551.0": 24.0,
      "TRUCK": 5,
      "Grand Total": 397,
      "total_quantity": 397,
      "total_value": 314785.26999999996,
      "tier": "best_sellers",
      "reorder_quantity": 660,
      "tier_description": "Top 10% performers - High demand items"
    },
    {
      "Item Product Group Code": "74-10-47",
      "Style": "ALYSON",
      "Item No_": "604030",
      "Season Code": "SP25",
      "Item Description": "ALYSON - WOMEN'S LEATHER JACKETS IN MINK",
      "Variant Color": "MINK",
      "Variant Code": "990.S",
      "Item Barcode": "8585431848925",
      "Selling Price": 753.43,
      "Location Code": 62,
      "100.0": 62.0,
      "103.0": 72.0,
      "105.0": 34.0,
      "106.0": 10.0,
      "108.0": 31.0,
      "109.0": 47.0,
      "113.0": 21.0,
      "114.0": 18.0,
      "116.0": 22.0,
      "117.0": 2.0,
      "201.0": 2.0,
      "251.0": 5.0,
      "301.0": 19.0,
      "302.0": 25.0,
      "401.0": 6.0,
      "501.0": 25.0,
      "551.0": 13.0,
      "TRUCK": 5,
      "Grand Total": 414,
      "total_quantity": 414,
      "total_value": 311920.01999999996,
      "tier": "best_sellers",
      "reorder_quantity": 660,
      "tier_description": "Top 10% performers - High demand items"
    },
    {
      "Item Product Group Code": "55-90-74",
      "Style": "ALEKSIA",
      "Item No_": "937821",
      "Season Code": "FA25",
      "Item Description": "ALEKSIA - WOMEN'S LEATHER JACKETS IN TAUPE",
      "Variant Color": "TAUPE",
      "Variant Code": "990.S",
      "Item Barcode": "8138184426978",
      "Selling Price": 757.22,
      "Location Code": 58,
      "100.0": 58.0,
      "103.0": 97.0,
      "105.0": 29.0,
      "106.0": 34.0,
      "108.0": 39.0,
      "109.0": 6.0,
      "113.0": 10.0,
      "114.0": 1.0,
      "116.0": 23.0,
      "117.0": 11.0,
      "201.0": 25.0,
      "251.0": 8.0,
      "301.0": 7.0,
      "302.0": 20.0,
      "401.0": 25.0,
      "501.0": 18.0,
      "551.0": 0.0,
      "TRUCK": 5,
      "Grand Total": 411,
      "total_quantity": 411,
      "total_value": 311217.42,
      "tier": "best_sellers",
      "reorder_quantity": 660,
      "tier_description": "Top 10% performers - High demand items"
    },
    {
      "Item Product Group Code": "58-60-92",
      "Style": "ALEKSIA",
      "Item No_": "443762",
      "Season Code": "FA24",
      "Item Description": "ALEKSIA - WOMEN'S LEATHER JACKETS IN RADIANT RED",
      "Variant Color": "RADIANT RED",
      "Variant Code": "549.S",
      "Item Barcode": "3757264468345",
      "Selling Price": 766.21,
      "Location Code": 97,
      "100.0": 97.0,
      "103.0": 71.0,
      "105.0": 42.0,
      "106.0": 15.0,
      "108.0": 10.0,
      "109.0": 12.0,
      "113.0": 2.0,
      "114.0": 7.0,
      "116.0": 24.0,
      "117.0": 2.0,
      "201.0": 20.0,
      "251.0": 21.0,
      "301.0": 20.0,
      "302.0": 14.0,
      "401.0": 22.0,
      "501.0": 6.0,
      "551.0": 19.0,
      "TRUCK": 0,
      "Grand Total": 404,
      "total_quantity": 404,
      "total_value": 309548.84,
      "tier": "best_sellers",
      "reorder_quantity": 660,
      "tier_description": "Top 10% performers - High demand items"
    },
    {
      "Item Product Group Code": "12-89-90",
      "Style": "MONACO",
      "Item No_": "234847",
      "Season Code": "FA26",
      "Item Description": "MONACO - WOMEN'S LEATHER JACKETS IN DARK NAVY",
      "Variant Color": "DARK NAVY",
      "Variant Code": "549.XL",
      "Item Barcode": "1108304899355",
      "Selling Price": 799.17,
      "Location Code": 98,
      "100.0": 98.0,
      "103.0": 96.0,
      "105.0": 47.0,
      "106.0": 25.0,
      "108.0": 4.0,
      "109.0": 2.0,
      "113.0": 12.0,
      "114.0": 14.0,
      "116.0": 5.0,
      "117.0": 21.0,
      "201.0": 1.0,
      "251.0": 2.0,
      "301.0": 1.0,
      "302.0": 24.0,
      "401.0": 5.0,
      "501.0": 22.0,
      "551.0": 2.0,
      "TRUCK": 2,
      "Grand Total": 381,
      "total_quantity": 381,
      "total_value": 304483.76999999996,
      "tier": "best_sellers",
      "reorder_quantity": 660,
      "tier_description": "Top 10% performers - High demand items"
    },
    {
      "Item Product Group Code": "16-72-58",
      "Style": "ALYSON",
      "Item No_": "623472",
      "Season Code": "FA24",
      "Item Description": "ALYSON - WOMEN'S LEATHER JACKETS IN SAGE",
      "Variant Color": "SAGE",
      "Variant Code": "660.NS",
      "Item Barcode": "5428271288316",
      "Selling Price": 776.23,
      "Location Code": 91,
      "100.0": 91.0,
      "103.0": 49.0,
      "105.0": 36.0,
      "106.0": 16.0,
      "108.0": 34.0,
      "109.0": 27.0,
      "113.0": 17.0,
      "114.0": 0.0,
      "116.0": 15.0,
      "117.0": 23.0,
      "201.0": 3.0,
      "251.0": 6.0,
      "301.0": 21.0,
      "302.0": 17.0,
      "401.0": 12.0,
      "501.0": 9.0,
      "551.0": 14.0,
      "TRUCK": 5,
      "Grand Total": 390,
      "total_quantity": 390,
      "total_value": 302729.7,
      "tier": "best_sellers",
      "reorder_quantity": 660,
      "tier_description": "Top 10% performers - High demand items"
    },
    {
      "Item Product Group Code": "74-11-42",
      "Style": "MONACO",
      "Item No_": "758324",
      "Season Code": "FA26",
      "Item Description": "MONACO - WOMEN'S LEATHER JACKETS IN SAGE",
      "Variant Color": "SAGE",
      "Variant Code": "549.M",
      "Item Barcode": "9558497424970",
      "Selling Price": 693.36,
      "Location Code": 85,
      "100.0": 85.0,
      "103.0": 47.0,
      "105.0": 49.0,
      "106.0": 48.0,
      "108.0": 22.0,
      "109.0": 45.0,
      "113.0": 21.0,
      "114.0": 3.0,
      "116.0": 21.0,
      "117.0": 12.0,
      "201.0": 0.0,
      "251.0": 13.0,
      "301.0": 10.0,
      "302.0": 17.0,
      "401.0": 6.0,
      "501.0": 12.0,
      "551.0": 25.0,
      "TRUCK": 4,